{"cameraMode":{"drawMode":0,"name":"Shaded","section":"Shading Mode"},"sceneLighting":true,"audioPlay":false,"sceneViewState":{"m_AlwaysRefresh":false,"showFog":true,"showSkybox":true,"showFlares":true,"showImageEffects":true,"showParticleSystems":true,"showVisualEffectGraphs":true,"m_FxEnabled":true},"in2DMode":false,"pivot":{"x":-1.4790594577789307,"y":3.5921220779418947,"z":-1.4995837211608887},"rotation":{"x":0.09494522213935852,"y":0.3795570731163025,"z":-0.03919424116611481,"w":0.919448971748352},"size":0.7746644616127014,"orthographic":false}