{"cameraMode":{"drawMode":0,"name":"Shaded","section":"Shading Mode"},"sceneLighting":true,"audioPlay":false,"sceneViewState":{"m_AlwaysRefresh":false,"showFog":true,"showSkybox":true,"showFlares":true,"showImageEffects":true,"showParticleSystems":true,"showVisualEffectGraphs":true,"m_FxEnabled":true},"in2DMode":false,"pivot":{"x":1.1401329040527344,"y":2.908388137817383,"z":-1.5189425945281983},"rotation":{"x":0.27912554144859316,"y":0.010081949643790722,"z":-0.0029311738908290865,"w":0.9601996541023254},"size":1.9467790126800538,"orthographic":false}