{"cameraMode":{"drawMode":0,"name":"Shaded","section":"Shading Mode"},"sceneLighting":true,"audioPlay":false,"sceneViewState":{"m_AlwaysRefresh":false,"showFog":true,"showSkybox":true,"showFlares":true,"showImageEffects":true,"showParticleSystems":true,"showVisualEffectGraphs":true,"m_FxEnabled":true},"in2DMode":false,"pivot":{"x":-2.6441640853881838,"y":-0.7295951843261719,"z":-2.8941822052001955},"rotation":{"x":0.05018030107021332,"y":-0.9497510194778442,"z":0.21319633722305299,"w":0.2236737608909607},"size":5.773688316345215,"orthographic":false}